<?xml version="1.0" encoding="UTF-8"?>
<beans xmlns="http://www.springframework.org/schema/beans"
	xmlns:xsi="http://www.w3.org/2001/XMLSchema-instance"
	xmlns:context="http://www.springframework.org/schema/context"
	xsi:schemaLocation="http://www.springframework.org/schema/beans 
           http://www.springframework.org/schema/beans/spring-beans-3.0.xsd
           http://www.springframework.org/schema/context
           http://www.springframework.org/schema/context/spring-context-3.0.xsd">
	<context:annotation-config />

	<bean class="com.yash.demonstrateautowired.Department" id="java"
		name="Java">
		<property name="departmentId" value="101"></property>
		<property name="departmentName" value="Java Developer"></property>
	</bean>

	<bean class="com.yash.demonstrateautowired.Department" id="python"
		name="Python">
		<property name="departmentId" value="103"></property>
		<property name="departmentName" value="Python Developer"></property>
	</bean>

	<bean class="com.yash.demonstrateautowired.Employee" id="employee" scope="prototype"></bean>
</beans>