<?xml version="1.0" encoding="UTF-8"?>
<beans xmlns="http://www.springframework.org/schema/beans"
	xmlns:xsi="http://www.w3.org/2001/XMLSchema-instance"
	xsi:schemaLocation="http://www.springframework.org/schema/beans
   http://www.springframework.org/schema/beans/spring-beans-3.0.xsd">

	<bean class="com.yash.injectlistofitem.Item" id="item1">
		<property name="itemId" value="101"></property>
		<property name="itemName" value="Mobile Phones"></property>
	</bean>

	<bean class="com.yash.injectlistofitem.Item" id="item2">
		<property name="itemId" value="102"></property>
		<property name="itemName" value="Laptops"></property>
	</bean>

	<bean class="com.yash.injectlistofitem.Item" id="item3">
		<property name="itemId" value="103"></property>
		<property name="itemName" value="LED TV"></property>
	</bean>

	<bean class="com.yash.injectlistofitem.Items" id="items">
		<property name="items">
			<list>
			<ref bean="item1"/>
			<ref bean="item2"/>
			<ref bean="item3"/>
			</list>
		</property>
	</bean>


</beans>